Product_Index,Product_Names
1,Product 1
2,Product 2
3,Product 3
4,Product 4
5,Product 5
6,Product 6
7,Product 7
8,Product 8
9,Product 9
10,Product 10
11,Product 11
12,Product 12
13,Product 13
14,Product 14
15,Product 15
16,Product 16
17,Product 17
18,Product 18
19,Product 19
20,Product 20
21,Product 21
22,Product 22
23,Product 23
24,Product 24
25,Product 25
26,Product 26
27,Product 27
28,Product 28
29,Product 29
30,Product 30
31,Product 31
32,Product 32
33,Product 33
34,Product 34
35,Product 35
36,Product 36
37,Product 37
38,Product 38
39,Product 39
40,Product 40
41,Product 41
42,Product 42
43,Product 43
44,Product 44
45,Product 45
46,Product 46
47,Product 47
48,Product 48
49,Product 49
50,Product 50
51,Product 51
52,Product 52
53,Product 53
54,Product 54
55,Product 55
56,Product 56
57,Product 57
58,Product 58
59,Product 59
60,Product 60
61,Product 61
62,Product 62
63,Product 63
64,Product 64
65,Product 65
66,Product 66
67,Product 67
68,Product 68
69,Product 69
70,Product 70
71,Product 71
72,Product 72
73,Product 73
74,Product 74
75,Product 75
76,Product 76
77,Product 77
78,Product 78
79,Product 79
80,Product 80
81,Product 81
82,Product 82
83,Product 83
84,Product 84
85,Product 85
86,Product 86
87,Product 87
88,Product 88
89,Product 89
90,Product 90
91,Product 91
92,Product 92
93,Product 93
94,Product 94
95,Product 95
96,Product 96
97,Product 97
98,Product 98
99,Product 99
100,Product 100
101,Product 101
102,Product 102
103,Product 103
104,Product 104
105,Product 105
106,Product 106
107,Product 107
108,Product 108
109,Product 109
110,Product 110
111,Product 111
112,Product 112
113,Product 113
114,Product 114
115,Product 115
116,Product 116
117,Product 117
118,Product 118
119,Product 119
120,Product 120
121,Product 121
122,Product 122
123,Product 123
124,Product 124
125,Product 125
126,Product 126
127,Product 127
128,Product 128
129,Product 129
130,Product 130
131,Product 131
132,Product 132
133,Product 133
134,Product 134
135,Product 135
136,Product 136
137,Product 137
138,Product 138
139,Product 139
140,Product 140
141,Product 141
142,Product 142
143,Product 143
144,Product 144
145,Product 145
146,Product 146
147,Product 147
148,Product 148
149,Product 149
150,Product 150
151,Product 151
152,Product 152
153,Product 153
154,Product 154
155,Product 155
156,Product 156
157,Product 157
158,Product 158
159,Product 159
160,Product 160
161,Product 161
162,Product 162
163,Product 163
164,Product 164
165,Product 165
166,Product 166
167,Product 167
168,Product 168
169,Product 169
170,Product 170
171,Product 171
172,Product 172
173,Product 173
174,Product 174
175,Product 175
176,Product 176
177,Product 177
178,Product 178
179,Product 179
180,Product 180
181,Product 181
182,Product 182
183,Product 183
184,Product 184
185,Product 185
186,Product 186
187,Product 187
188,Product 188
189,Product 189
190,Product 190
191,Product 191
192,Product 192
193,Product 193
194,Product 194
195,Product 195
196,Product 196
197,Product 197
198,Product 198
199,Product 199
200,Product 200
201,Product 201
202,Product 202
203,Product 203
204,Product 204
205,Product 205
206,Product 206
207,Product 207
208,Product 208
209,Product 209
210,Product 210
211,Product 211
212,Product 212
213,Product 213
214,Product 214
215,Product 215
216,Product 216
217,Product 217
218,Product 218
219,Product 219
220,Product 220
221,Product 221
222,Product 222
223,Product 223
224,Product 224
225,Product 225
226,Product 226
227,Product 227
228,Product 228
229,Product 229
230,Product 230
231,Product 231
232,Product 232
233,Product 233
234,Product 234
235,Product 235
236,Product 236
237,Product 237
238,Product 238
239,Product 239
240,Product 240
241,Product 241
242,Product 242
243,Product 243
244,Product 244
245,Product 245
246,Product 246
247,Product 247
248,Product 248
249,Product 249
250,Product 250
251,Product 251
252,Product 252
253,Product 253
254,Product 254
255,Product 255
256,Product 256
257,Product 257
258,Product 258
259,Product 259
260,Product 260
261,Product 261
262,Product 262
263,Product 263
264,Product 264
265,Product 265
266,Product 266
267,Product 267
268,Product 268
269,Product 269
270,Product 270
271,Product 271
272,Product 272
273,Product 273
274,Product 274
275,Product 275
276,Product 276
277,Product 277
278,Product 278
279,Product 279
280,Product 280
281,Product 281
282,Product 282
283,Product 283
284,Product 284
285,Product 285
286,Product 286
287,Product 287
288,Product 288
289,Product 289
290,Product 290
291,Product 291
292,Product 292
293,Product 293
294,Product 294
295,Product 295
296,Product 296
297,Product 297
298,Product 298
299,Product 299
300,Product 300
301,Product 301
302,Product 302
303,Product 303
304,Product 304
305,Product 305
306,Product 306
307,Product 307
308,Product 308
309,Product 309
310,Product 310
311,Product 311
312,Product 312
313,Product 313
314,Product 314
315,Product 315
316,Product 316
317,Product 317
318,Product 318
319,Product 319
320,Product 320
321,Product 321
322,Product 322
323,Product 323
324,Product 324
325,Product 325
326,Product 326
327,Product 327
328,Product 328
329,Product 329
330,Product 330
331,Product 331
332,Product 332
333,Product 333
334,Product 334
335,Product 335
336,Product 336
337,Product 337
338,Product 338
339,Product 339
340,Product 340
341,Product 341
342,Product 342
343,Product 343
344,Product 344
345,Product 345
346,Product 346
347,Product 347
348,Product 348
349,Product 349
350,Product 350
351,Product 351
352,Product 352
353,Product 353
354,Product 354
355,Product 355
356,Product 356
357,Product 357
358,Product 358
359,Product 359
360,Product 360
361,Product 361
362,Product 362
363,Product 363
364,Product 364
365,Product 365
366,Product 366
367,Product 367
368,Product 368
369,Product 369
370,Product 370
371,Product 371
372,Product 372
373,Product 373
374,Product 374
375,Product 375
376,Product 376
377,Product 377
378,Product 378
379,Product 379
380,Product 380
381,Product 381
382,Product 382
383,Product 383
384,Product 384
385,Product 385
386,Product 386
387,Product 387
388,Product 388
389,Product 389
390,Product 390
391,Product 391
392,Product 392
393,Product 393
394,Product 394
395,Product 395
396,Product 396
397,Product 397
398,Product 398
399,Product 399
400,Product 400
401,Product 401
402,Product 402
403,Product 403
404,Product 404
405,Product 405
406,Product 406
407,Product 407
408,Product 408
409,Product 409
410,Product 410
411,Product 411
412,Product 412
413,Product 413
414,Product 414
415,Product 415
416,Product 416
417,Product 417
418,Product 418
419,Product 419
420,Product 420
421,Product 421
422,Product 422
423,Product 423
424,Product 424
425,Product 425
426,Product 426
427,Product 427
428,Product 428
429,Product 429
430,Product 430
431,Product 431
432,Product 432
433,Product 433
434,Product 434
435,Product 435
436,Product 436
437,Product 437
438,Product 438
439,Product 439
440,Product 440
441,Product 441
442,Product 442
443,Product 443
444,Product 444
445,Product 445
446,Product 446
447,Product 447
448,Product 448
449,Product 449
450,Product 450
451,Product 451
452,Product 452
453,Product 453
454,Product 454
455,Product 455
456,Product 456
457,Product 457
458,Product 458
459,Product 459
460,Product 460
461,Product 461
462,Product 462
463,Product 463
464,Product 464
465,Product 465
466,Product 466
467,Product 467
468,Product 468
469,Product 469
470,Product 470
471,Product 471
472,Product 472
473,Product 473
474,Product 474
475,Product 475
476,Product 476
477,Product 477
478,Product 478
479,Product 479
480,Product 480
481,Product 481
482,Product 482
483,Product 483
484,Product 484
485,Product 485
486,Product 486
487,Product 487
488,Product 488
489,Product 489
490,Product 490
491,Product 491
492,Product 492
493,Product 493
494,Product 494
495,Product 495
496,Product 496
497,Product 497
498,Product 498
499,Product 499
500,Product 500
501,Product 501
502,Product 502
503,Product 503
504,Product 504
505,Product 505
506,Product 506
507,Product 507
508,Product 508
509,Product 509
510,Product 510
511,Product 511
512,Product 512
513,Product 513
514,Product 514
515,Product 515
516,Product 516
517,Product 517
518,Product 518
519,Product 519
520,Product 520
521,Product 521
522,Product 522
523,Product 523
524,Product 524
525,Product 525
526,Product 526
527,Product 527
528,Product 528
529,Product 529
530,Product 530
531,Product 531
532,Product 532
533,Product 533
534,Product 534
535,Product 535
536,Product 536
537,Product 537
538,Product 538
539,Product 539
540,Product 540
541,Product 541
542,Product 542
543,Product 543
544,Product 544
545,Product 545
546,Product 546
547,Product 547
548,Product 548
549,Product 549
550,Product 550
551,Product 551
552,Product 552
553,Product 553
554,Product 554
555,Product 555
556,Product 556
557,Product 557
558,Product 558
559,Product 559
560,Product 560
561,Product 561
562,Product 562
563,Product 563
564,Product 564
565,Product 565
566,Product 566
567,Product 567
568,Product 568
569,Product 569
570,Product 570
571,Product 571
572,Product 572
573,Product 573
574,Product 574
575,Product 575
576,Product 576
577,Product 577
578,Product 578
579,Product 579
580,Product 580
581,Product 581
582,Product 582
583,Product 583
584,Product 584
585,Product 585
586,Product 586
587,Product 587
588,Product 588
589,Product 589
590,Product 590
591,Product 591
592,Product 592
593,Product 593
594,Product 594
595,Product 595
596,Product 596
597,Product 597
598,Product 598
599,Product 599
600,Product 600
601,Product 601
602,Product 602
603,Product 603
604,Product 604
605,Product 605
606,Product 606
607,Product 607
608,Product 608
609,Product 609
610,Product 610
611,Product 611
612,Product 612
613,Product 613
614,Product 614
615,Product 615
616,Product 616
617,Product 617
618,Product 618
619,Product 619
620,Product 620
621,Product 621
622,Product 622
623,Product 623
624,Product 624
625,Product 625
626,Product 626
627,Product 627
628,Product 628
629,Product 629
630,Product 630
631,Product 631
632,Product 632
633,Product 633
634,Product 634
635,Product 635
636,Product 636
637,Product 637
638,Product 638
639,Product 639
640,Product 640
641,Product 641
642,Product 642
643,Product 643
644,Product 644
645,Product 645
646,Product 646
647,Product 647
648,Product 648
649,Product 649
650,Product 650
651,Product 651
652,Product 652
653,Product 653
654,Product 654
655,Product 655
656,Product 656
657,Product 657
658,Product 658
659,Product 659
660,Product 660
661,Product 661
662,Product 662
663,Product 663
664,Product 664
665,Product 665
666,Product 666
667,Product 667
668,Product 668
669,Product 669
670,Product 670
671,Product 671
672,Product 672
673,Product 673
674,Product 674
675,Product 675
676,Product 676
677,Product 677
678,Product 678
679,Product 679
680,Product 680
681,Product 681
682,Product 682
683,Product 683
684,Product 684
685,Product 685
686,Product 686
687,Product 687
688,Product 688
689,Product 689
690,Product 690
691,Product 691
692,Product 692
693,Product 693
694,Product 694
695,Product 695
696,Product 696
697,Product 697
698,Product 698
699,Product 699
700,Product 700
701,Product 701
702,Product 702
703,Product 703
704,Product 704
705,Product 705
706,Product 706
707,Product 707
708,Product 708
709,Product 709
710,Product 710
711,Product 711
712,Product 712
713,Product 713
714,Product 714
715,Product 715
716,Product 716
717,Product 717
718,Product 718
719,Product 719
720,Product 720
721,Product 721
722,Product 722
723,Product 723
724,Product 724
725,Product 725
726,Product 726
727,Product 727
728,Product 728
729,Product 729
730,Product 730
731,Product 731
732,Product 732
733,Product 733
734,Product 734
735,Product 735
736,Product 736
737,Product 737
738,Product 738
739,Product 739
740,Product 740
741,Product 741
742,Product 742
743,Product 743
744,Product 744
745,Product 745
746,Product 746
747,Product 747
748,Product 748
749,Product 749
750,Product 750
751,Product 751
752,Product 752
753,Product 753
754,Product 754
755,Product 755
756,Product 756
757,Product 757
758,Product 758
759,Product 759
760,Product 760
761,Product 761
762,Product 762
763,Product 763
764,Product 764
765,Product 765
766,Product 766
767,Product 767
768,Product 768
769,Product 769
770,Product 770
771,Product 771
772,Product 772
773,Product 773
774,Product 774
775,Product 775
776,Product 776
777,Product 777
778,Product 778
779,Product 779
780,Product 780
781,Product 781
782,Product 782
783,Product 783
784,Product 784
785,Product 785
786,Product 786
787,Product 787
788,Product 788
789,Product 789
790,Product 790
791,Product 791
792,Product 792
793,Product 793
794,Product 794
795,Product 795
796,Product 796
797,Product 797
798,Product 798
799,Product 799
800,Product 800
801,Product 801
802,Product 802
803,Product 803
804,Product 804
805,Product 805
806,Product 806
807,Product 807
808,Product 808
809,Product 809
810,Product 810
811,Product 811
812,Product 812
813,Product 813
814,Product 814
815,Product 815
816,Product 816
817,Product 817
818,Product 818
819,Product 819
820,Product 820
821,Product 821
822,Product 822
823,Product 823
824,Product 824
825,Product 825
826,Product 826
827,Product 827
828,Product 828
829,Product 829
830,Product 830
831,Product 831
832,Product 832
833,Product 833
834,Product 834
835,Product 835
836,Product 836
837,Product 837
838,Product 838
839,Product 839
840,Product 840
841,Product 841
842,Product 842
843,Product 843
844,Product 844
845,Product 845
846,Product 846
847,Product 847
848,Product 848
849,Product 849
850,Product 850
851,Product 851
852,Product 852
853,Product 853
854,Product 854
855,Product 855
856,Product 856
857,Product 857
858,Product 858
859,Product 859
860,Product 860
861,Product 861
862,Product 862
863,Product 863
864,Product 864
865,Product 865
866,Product 866
867,Product 867
868,Product 868
869,Product 869
870,Product 870
871,Product 871
872,Product 872
873,Product 873
874,Product 874
875,Product 875
876,Product 876
877,Product 877
878,Product 878
879,Product 879
880,Product 880
881,Product 881
882,Product 882
883,Product 883
884,Product 884
885,Product 885
886,Product 886
887,Product 887
888,Product 888
889,Product 889
890,Product 890
891,Product 891
892,Product 892
893,Product 893
894,Product 894
895,Product 895
896,Product 896
897,Product 897
898,Product 898
899,Product 899
900,Product 900
901,Product 901
902,Product 902
903,Product 903
904,Product 904
905,Product 905
906,Product 906
907,Product 907
908,Product 908
909,Product 909
910,Product 910
911,Product 911
912,Product 912
913,Product 913
914,Product 914
915,Product 915
916,Product 916
917,Product 917
918,Product 918
919,Product 919
920,Product 920
921,Product 921
922,Product 922
923,Product 923
924,Product 924
925,Product 925
926,Product 926
927,Product 927
928,Product 928
929,Product 929
930,Product 930
931,Product 931
932,Product 932
933,Product 933
934,Product 934
935,Product 935
936,Product 936
937,Product 937
938,Product 938
939,Product 939
940,Product 940
941,Product 941
942,Product 942
943,Product 943
944,Product 944
945,Product 945
946,Product 946
947,Product 947
948,Product 948
949,Product 949
950,Product 950
951,Product 951
952,Product 952
953,Product 953
954,Product 954
955,Product 955
956,Product 956
957,Product 957
958,Product 958
959,Product 959
960,Product 960
961,Product 961
962,Product 962
963,Product 963
964,Product 964
965,Product 965
966,Product 966
967,Product 967
968,Product 968
969,Product 969
970,Product 970
971,Product 971
972,Product 972
973,Product 973
974,Product 974
975,Product 975
976,Product 976
977,Product 977
978,Product 978
979,Product 979
980,Product 980
981,Product 981
982,Product 982
983,Product 983
984,Product 984
985,Product 985
986,Product 986
987,Product 987
988,Product 988
989,Product 989
990,Product 990
991,Product 991
992,Product 992
993,Product 993
994,Product 994
995,Product 995
996,Product 996
997,Product 997
998,Product 998
999,Product 999
1000,Product 1000
